,0,5,10,15,20,25,30,35,40,45,50,55,60,65,70,75,80,85,90,95
0,0.5393518518518521,0.4436177248677246,0.2346230158730158,0.15889550264550242,0.13591269841269826,0.30233134920634924,0.46817129629629634,0.4045138888888888,0.25570436507936506,0.16054894179894155,0.11813822751322733,0.09284060846560833,0.07341269841269833,0.07142857142857133,0.047205687830687786,0.03968253968253962,0.03290343915343911,0.01703042328042326,0.00586970899470899,0.0023974867724867724
5,0.4328703703703701,0.4861937830687828,0.446759259259259,0.22461970899470896,0.10854828042328024,0.18592923280423254,0.4054232804232801,0.557126322751323,0.41922949735449705,0.26562499999999994,0.16699735449735428,0.12045304232804212,0.08366402116402105,0.08465608465608454,0.058118386243386146,0.043320105820105766,0.035796957671957626,0.02248677248677246,0.007275132275132268,0.0030588624338624324
10,0.23131613756613742,0.454695767195767,0.5439814814814818,0.41393849206349187,0.13988095238095222,0.1380621693121691,0.18262235449735423,0.3731812169312168,0.6176421957671958,0.45816798941798914,0.2905919312169311,0.15004960317460295,0.09846230158730146,0.08936838624338611,0.05621693121693116,0.05505952380952375,0.043072089947089914,0.021825396825396807,0.006944444444444443,0.004133597883597882
15,0.14632936507936486,0.20907738095238085,0.40269510582010565,0.5100859788359791,0.32341269841269843,0.19212962962962943,0.134424603174603,0.21023478835978812,0.4418816137566135,0.5756448412698415,0.478753306878307,0.25297619047619047,0.14343584656084638,0.11326058201058187,0.05927579365079356,0.04960317460317453,0.04356812169312164,0.020750661375661353,0.009259259259259254,0.004050925925925923
20,0.12764550264550248,0.089616402116402,0.1412863756613755,0.35755621693121675,0.509755291005291,0.5092592592592592,0.2385912698412698,0.25198412698412703,0.3705357142857142,0.5281084656084657,0.7416501322751325,0.5330687830687834,0.3135747354497355,0.19618055555555536,0.07374338624338614,0.06539351851851842,0.04828042328042322,0.02480158730158728,0.008928571428571423,0.004216269841269839
25,0.3218419312169313,0.1743551587301585,0.11119378306878293,0.18659060846560824,0.5009920634920634,0.6997354497354498,0.34961970899470884,0.29877645502645506,0.3592096560846559,0.3834325396825393,0.5376984126984127,0.5481150793650796,0.4106316137566135,0.2337136243386244,0.09399801587301572,0.05654761904761898,0.04902447089947084,0.02678571428571426,0.009755291005291,0.006531084656084651
30,0.5238095238095238,0.47734788359788327,0.17261904761904742,0.12070105820105809,0.22015542328042323,0.356894841269841,0.4699074074074074,0.4279927248677247,0.35978835978835977,0.27075066137566145,0.2765376984126984,0.22536375661375663,0.17600859788359766,0.14880952380952364,0.05588624338624334,0.042245370370370315,0.0395171957671957,0.020419973544973526,0.007771164021164015,0.0021494708994708994
35,0.4322089947089945,0.6341765873015875,0.4150132275132272,0.2318121693121691,0.23652447089947085,0.33068783068783086,0.4304728835978833,0.5779596560846564,0.5201719576719577,0.3684689153439151,0.349289021164021,0.26975859788359785,0.21081349206349195,0.17881944444444423,0.0677910052910052,0.05547288359788354,0.055638227513227466,0.022156084656084634,0.007936507936507929,0.0028935185185185175
40,0.26248346560846564,0.478091931216931,0.6941964285714289,0.47668650793650813,0.3385416666666667,0.37533068783068785,0.37342923280423274,0.5056216931216929,0.7355324074074074,0.6031746031746037,0.5126488095238096,0.36069775132275117,0.2620701058201059,0.21263227513227503,0.08184523809523796,0.06688161375661365,0.06448412698412691,0.02761243386243382,0.011904761904761888,0.004050925925925923
45,0.1404596560846559,0.2820767195767196,0.5176091269841272,0.6438492063492065,0.5066964285714286,0.39707341269841256,0.2848875661375661,0.3546626984126983,0.6238425925925929,0.6216104497354501,0.5932539682539685,0.41203703703703676,0.2857969576719576,0.21378968253968242,0.0787037037037036,0.05753968253968247,0.05770502645502638,0.029844576719576688,0.01380621693121692,0.0028108465608465603
50,0.0943287037037036,0.14368386243386225,0.30332341269841273,0.507936507936508,0.7318948412698411,0.5609292328042328,0.2767030423280423,0.335978835978836,0.503885582010582,0.5924272486772487,0.8066302910052908,0.6065641534391538,0.3655753968253966,0.26413690476190477,0.08374669312169301,0.0601851851851851,0.05613425925925919,0.029348544973544943,0.016286375661375644,0.004629629629629626
55,0.07101521164021155,0.09482473544973531,0.12499999999999983,0.24809854497354486,0.5000000000000001,0.5435681216931217,0.21536044973544974,0.2359457671957671,0.3369708994708993,0.37921626984126955,0.6004464285714288,0.6144179894179895,0.4091435185185184,0.25760582010582006,0.08225859788359774,0.05753968253968247,0.054563492063492,0.02546296296296295,0.009093915343915335,0.0027281746031746026
60,0.0508432539682539,0.06026785714285706,0.06646825396825388,0.1211144179894178,0.2718253968253969,0.37905092592592576,0.15649801587301565,0.16575727513227487,0.21726190476190457,0.23908730158730163,0.3371362433862433,0.3857473544973544,0.35234788359788355,0.32762896825396826,0.13905423280423262,0.05679563492063484,0.035548941798941754,0.02050264550264549,0.006117724867724862,0.0028935185185185175
65,0.0333167989417989,0.04389880952380948,0.042493386243386194,0.06241732804232796,0.122685185185185,0.16046626984126963,0.09970238095238078,0.1147486772486771,0.14095568783068763,0.136326058201058,0.18501984126984106,0.17774470899470876,0.2340443121693121,0.3406084656084655,0.2894345238095239,0.09920634920634908,0.03769841269841265,0.021164021164021145,0.004877645502645497,0.0027281746031746026
70,0.00967261904761904,0.009920634920634911,0.010416666666666657,0.012152777777777768,0.017361111111111095,0.027364417989417963,0.015459656084656069,0.01686507936507935,0.0222387566137566,0.02157738095238094,0.02265211640211638,0.024801587301587266,0.03769841269841264,0.11896494708994693,0.1620370370370368,0.10449735449735441,0.041666666666666616,0.017857142857142846,0.007275132275132272,0.0020667989417989417
75,0.006944444444444434,0.006531084656084651,0.010003306878306873,0.010003306878306873,0.014302248677248672,0.014632936507936489,0.010251322751322742,0.01182208994708994,0.012814153439153425,0.013806216931216914,0.014219576719576707,0.013558201058201042,0.014302248677248669,0.053736772486772416,0.1043320105820104,0.06051587301587292,0.055059523809523746,0.029927248677248632,0.009093915343915335,0.00248015873015873
80,0.004877645502645498,0.0054563492063492034,0.005539021164021163,0.008184523809523803,0.009424603174603172,0.01132605820105819,0.008019179894179888,0.01182208994708994,0.013227513227513213,0.013558201058201052,0.012566137566137557,0.014136904761904748,0.010664682539682536,0.016617063492063475,0.0377810846560846,0.058118386243386146,0.09623015873015861,0.033647486772486725,0.01934523809523808,0.0021494708994708994
85,0.001736111111111111,0.00248015873015873,0.003637566137566136,0.003968253968253966,0.005291005291005286,0.005787037037037032,0.0054563492063492034,0.00520833333333333,0.005125661375661374,0.006283068783068779,0.007605820105820099,0.00752314814814814,0.0060350529100529045,0.009920634920634908,0.013144841269841256,0.02488425925925922,0.03224206349206344,0.01744378306878305,0.010582010582010568,0.005208333333333332
90,0.0005787037037037037,0.0010747354497354497,0.0010747354497354497,0.0016534391534391533,0.001984126984126984,0.0014054232804232803,0.0023974867724867724,0.0019014550264550263,0.0023974867724867724,0.0033068783068783045,0.0028935185185185175,0.0016534391534391533,0.0014054232804232803,0.002232142857142857,0.005291005291005285,0.008928571428571423,0.016534391534391513,0.010003306878306872,0.011739417989417978,0.007771164021164015
95,0.00016534391534391533,0.0005787037037037037,0.000248015873015873,0.000992063492063492,0.00041335978835978834,0.001736111111111111,0.000992063492063492,0.00041335978835978834,0.0011574074074074073,0.0005787037037037037,0.0010747354497354497,0.000744047619047619,0.0005787037037037037,0.0010747354497354497,0.0009093915343915343,0.0027281746031746026,0.0028108465608465603,0.005373677248677243,0.006944444444444438,0.0
